Year,Item No.,Page No.,Reporting Category,Standard Code,Substandard Code,Cluster,Standard Text,Item Type,Item Description,Correct Answer (SR),Released?,item_id,png_path,preview_url
2021,13,17,Geometry,4.G.A.1,4.G.A.1,"Draw and identify lines and angles, and classify shapes by properties of their lines and angles.","Draw points, lines, line segments, rays, angles (right, acute, obtuse), and perpendicular and parallel lines. Identify these in two-dimensional figures.",SR,Identify obtuse angles in triangles.,"B,E",Released,MA311574,data/items/MA311574/MA311574.png,https://api-tn8previewer.testnav.com/api/tenants/285/item/MA311574/showByIdentifier/245f932630504cd78552fc55ea2a3095
2022,3,6,Geometry,4.G.A.1,4.G.A.1,"Draw and identify lines and angles, and classify shapes by properties of their lines and angles.","Draw points, lines, line segments, rays, angles (right, acute, obtuse), and perpendicular and parallel lines. Identify these in two-dimensional figures.",SR,Identify whether specified line segments and angles can be found in a given figure.,"B,D",Released,MA704652242,data/items/MA704652242/MA704652242.png,https://api-tn8previewer.testnav.com/api/tenants/285/item/MA704652242/showByIdentifier/0c3855acd1e34c8085d44031e8b6a343
2023,5,9,Geometry,4.G.A.1,4.G.A.1,"Draw and identify lines and angles, and classify shapes by properties of their lines and angles.","Draw points, lines, line segments, rays, angles (right, acute, obtuse), and perpendicular and parallel lines. Identify these in two-dimensional figures.",SA,Identify the number of acute angles in a given figure.,2,Released,MA002128911,data/items/MA002128911/MA002128911.png,
2025,5,7,Geometry,4.G.A.1,4.G.A.1,"Draw and identify lines and angles, and classify shapes by properties of their lines and angles.","Draw points, lines, line segments, rays, angles (right, acute, obtuse), and perpendicular and parallel lines. Identify these in two-dimensional figures.",SR,Identify shapes that have a pair of parallel sides.,"A,D,E",Released,MA232254177,data/items/MA232254177/MA232254177.png,
2019,9,226–227,Geometry,4.G.A.2,4.G.A.2,"Draw and identify lines and angles, and classify shapes by properties of their lines and angles.","Classify two-dimensional figures based on the presence or absence of parallel or perpendicular lines, or the presence or absence of angles of a specified size. Recognize right triangles as a category, and identify right triangles.",SR,Identify shapes that have at least one obtuse angle and identify a right triangle.,"A,D;B",Released,MA714233266,,https://api-tn8previewer.testnav.com/api/tenants/285/item/MA714233266/showByIdentifier/2cdf58407bf54870a6234b5a45458a8a
2022,18,24,Geometry,4.G.A.2,4.G.A.2,"Draw and identify lines and angles, and classify shapes by properties of their lines and angles.","Classify two-dimensional figures based on the presence or absence of parallel or perpendicular lines, or the presence or absence of angles of a specified size. Recognize right triangles as a category, and identify right triangles.",SR,Identify shapes that have at least one pair of parallel sides and at least one pair of perpendicular sides.,"A,C,D",Released,MA903757124,data/items/MA903757124/MA903757124.png,https://api-tn8previewer.testnav.com/api/tenants/285/item/MA903757124/showByIdentifier/990013f78bdd42d9a03e6a1c466ca82f
2023,7,11,Geometry,4.G.A.2,4.G.A.2,"Draw and identify lines and angles, and classify shapes by properties of their lines and angles.","Classify two-dimensional figures based on the presence or absence of parallel or perpendicular lines, or the presence or absence of angles of a specified size. Recognize right triangles as a category, and identify right triangles.",SR,Determine which given shape is a quadrilateral with perpendicular sides.,B,Released,MA307060,data/items/MA307060/MA307060.png,
2019,13,232,Geometry,4.G.A.3,4.G.A.3,"Draw and identify lines and angles, and classify shapes by properties of their lines and angles.",Recognize a line of symmetry for a two-dimensional figure as a line across the figure such that the figure can be folded along the line into matching parts. Identify line-symmetric figures and draw lines of symmetry.,SR,Recognize a line of symmetry for a two-dimensional figure and identify how many lines of symmetry can be drawn on the figure.,"A,E",Released,MA714111699,,https://api-tn8previewer.testnav.com/api/tenants/285/item/MA714111699/showByIdentifier/fafa2c460b7244019cce5aca5e5d5138
2021,8,10,Geometry,4.G.A.3,4.G.A.3,"Draw and identify lines and angles, and classify shapes by properties of their lines and angles.",Recognize a line of symmetry for a two-dimensional figure as a line across the figure such that the figure can be folded along the line into matching parts. Identify line-symmetric figures and draw lines of symmetry.,SR,Determine which shapes have at least one line of symmetry.,"A,C,D",Released,MA800629956,data/items/MA800629956/MA800629956.png,https://api-tn8previewer.testnav.com/api/tenants/285/item/MA800629956/showByIdentifier/a31569830b1040e88ca0be529d9ccc64
2022,6,8,Geometry,4.G.A.3,4.G.A.3,"Draw and identify lines and angles, and classify shapes by properties of their lines and angles.",Recognize a line of symmetry for a two-dimensional figure as a line across the figure such that the figure can be folded along the line into matching parts. Identify line-symmetric figures and draw lines of symmetry.,SA,Identify the number of lines of symmetry in a given figure.,1,Released,MA307066,data/items/MA307066/MA307066.png,https://api-tn8previewer.testnav.com/api/tenants/285/item/MA307066/showByIdentifier/a5f4ba0888054025a5fbc0d997337692
2023,3,5,Geometry,4.G.A.3,4.G.A.3,"Draw and identify lines and angles, and classify shapes by properties of their lines and angles.",Recognize a line of symmetry for a two-dimensional figure as a line across the figure such that the figure can be folded along the line into matching parts. Identify line-symmetric figures and draw lines of symmetry.,SR,Identify a given shape that has a specified number of lines of symmetry.,D,Released,MA247705,data/items/MA247705/MA247705.png,
2025,10,11,Geometry,4.G.A.3,4.G.A.3,"Draw and identify lines and angles, and classify shapes by properties of their lines and angles.",Recognize a line of symmetry for a two-dimensional figure as a line across the figure such that the figure can be folded along the line into matching parts. Identify line-symmetric figures and draw lines of symmetry.,SR,Determine whether lines on geometric figures represent lines of symmetry.,"A,E",Released,MA232261850,data/items/MA232261850/MA232261850.png,
2019,10,228,Measurement and Data,4.MD.A.1,4.MD.A.1,Solve problems involving measurement and conversion of measurements from a larger unit to a smaller unit.,"Know relative sizes of measurement units within one system of units including km, m, cm; kg, g; lb, oz.; l, ml; hr, min, sec. Within a single system of measurement, express measurements in a larger unit in terms of a smaller unit. Record measurement equivalents in a two-column table. For example, know that 1 ft is 12 times as long as 1 in. Express the length of a 4 ft snake as 48 in. Generate a conversion table for feet and inches listing the number pairs (1, 12), (2, 24), (3, 36), …",SR,Convert dimensions measured in yards to feet.,B,Released,MA222213,,https://api-tn8previewer.testnav.com/api/tenants/285/item/MA222213/showByIdentifier/a7f2e07fdf2c4f17a58c9e81e833ceb9
2022,11,14–15,Measurement and Data,4.MD.A.1,4.MD.A.1,Solve problems involving measurement and conversion of measurements from a larger unit to a smaller unit.,"Know relative sizes of measurement units within one system of units including km, m, cm; kg, g; lb, oz.; l, ml; hr, min, sec. Within a single system of measurement, express measurements in a larger unit in terms of a smaller unit. Record measurement equivalents in a two-column table. For example, know that 1 ft is 12 times as long as 1 in. Express the length of a 4 ft snake as 48 in. Generate a conversion table for feet and inches listing the number pairs (1, 12), (2, 24), (3, 36), …",SR,"Convert from a larger unit of measure to a smaller unit of measure using minutes and seconds and order measurements given in yards, feet, and inches.",B;A,Released,MA803738583,data/items/MA803738583/MA803738583.png,https://api-tn8previewer.testnav.com/api/tenants/285/item/MA803738583/showByIdentifier/cb340bf8688d4b989190a40d252ddac0
2023,14,20,Measurement and Data,4.MD.A.1,4.MD.A.1,Solve problems involving measurement and conversion of measurements from a larger unit to a smaller unit.,"Know relative sizes of measurement units within one system of units including km, m, cm; kg, g; lb, oz.; l, ml; hr, min, sec. Within a single system of measurement, express measurements in a larger unit in terms of a smaller unit. Record measurement equivalents in a two-column table. For example, know that 1 ft is 12 times as long as 1 in. Express the length of a 4 ft snake as 48 in. Generate a conversion table for feet and inches listing the number pairs (1, 12), (2, 24), (3, 36), …",SR,Convert kilograms to grams.,C,Released,MA002135528,data/items/MA002135528/MA002135528.png,
2025,14,16–17,Measurement and Data,4.MD.A.1,4.MD.A.1,Solve problems involving measurement and conversion of measurements from a larger unit to a smaller unit.,"Know relative sizes of measurement units within one system of units including km, m, cm; kg, g; lb, oz.; l, ml; hr, min, sec. Within a single system of measurement, express measurements in a larger unit in terms of a smaller unit. Record measurement equivalents in a two-column table. For example, know that 1 ft is 12 times as long as 1 in. Express the length of a 4 ft snake as 48 in. Generate a conversion table for feet and inches listing the number pairs (1, 12), (2, 24), (3, 36), …",CR,"Identify a liquid measurement in liters from a diagram, convert liters to milliliters, convert hours and minutes to only minutes, and compare masses given in different metric units.",,Released,MA231875780,data/items/MA231875780/MA231875780.png,
2021,14,18,Measurement and Data,4.MD.A.2,4.MD.A.2,Solve problems involving measurement and conversion of measurements from a larger unit to a smaller unit.,"Use the four operations to solve word problems involving distances, intervals of time, liquid volumes, masses of objects, and money, including problems involving simple fractions or decimals, and problems that require expressing measurements given in a larger unit in terms of a smaller unit. Represent measurement quantities using diagrams such as number line diagrams that feature a measurement scale.",CR,Solve real-world problems involving reading an analog clock and adding and subtracting time intervals.,,Released,MA287484,data/items/MA287484/MA287484.png,https://api-tn8previewer.testnav.com/api/tenants/285/item/MA287484/showByIdentifier/7dd2c69241b84eaeaf995f3a19d1cc35
2019,20,237,Measurement and Data,4.MD.A.3,4.MD.A.3,Solve problems involving measurement and conversion of measurements from a larger unit to a smaller unit.,"Apply the area and perimeter formulas for rectangles in real-world and mathematical problems. For example, find the width of a rectangular room given the area of the flooring and the length, by viewing the area formula as a multiplication equation with an unknown factor. (Note: When finding areas of rectangular regions answers will be in square units. For example, the area of a 1 cm x 1 cm rectangular region will be 1 square centimeter (1 cm2, students are not expected to use this notation.) When finding the perimeter of a rectangular region answers will be in linear units. For example, the perimeter of the region is: 1cm + 1cm + 1cm +1cm = 4 cm or 2(1cm) + 2(1cm) = 4 cm).",SR,"Given the length and the width of a rectangle, determine its area.",C,Released,MA247745,,https://api-tn8previewer.testnav.com/api/tenants/285/item/MA247745/showByIdentifier/c52a55c992674dfbbc81241df83da1f1
2021,7,10,Measurement and Data,4.MD.A.3,4.MD.A.3,Solve problems involving measurement and conversion of measurements from a larger unit to a smaller unit.,"Apply the area and perimeter formulas for rectangles in real-world and mathematical problems. For example, find the width of a rectangular room given the area of the flooring and the length, by viewing the area formula as a multiplication equation with an unknown factor. (Note: When finding areas of rectangular regions answers will be in square units. For example, the area of a 1 cm x 1 cm rectangular region will be 1 square centimeter (1 cm2, students are not expected to use this notation.) When finding the perimeter of a rectangular region answers will be in linear units. For example, the perimeter of the region is: 1cm + 1cm + 1cm +1cm = 4 cm or 2(1cm) + 2(1cm) = 4 cm).",SR,Use the area formula to find the area of a square.,C,Released,MA306940,data/items/MA306940/MA306940.png,https://api-tn8previewer.testnav.com/api/tenants/285/item/MA306940/showByIdentifier/7c371fd885af4b64b3078c78b00e67dd
2022,8,10–11,Measurement and Data,4.MD.A.3,4.MD.A.3,Solve problems involving measurement and conversion of measurements from a larger unit to a smaller unit.,"Apply the area and perimeter formulas for rectangles in real-world and mathematical problems. For example, find the width of a rectangular room given the area of the flooring and the length, by viewing the area formula as a multiplication equation with an unknown factor. (Note: When finding areas of rectangular regions answers will be in square units. For example, the area of a 1 cm x 1 cm rectangular region will be 1 square centimeter (1 cm2, students are not expected to use this notation.) When finding the perimeter of a rectangular region answers will be in linear units. For example, the perimeter of the region is: 1cm + 1cm + 1cm +1cm = 4 cm or 2(1cm) + 2(1cm) = 4 cm).",CR,"Determine the area of a rectangle given the length and width, determine the width of a rectangle given the area and length, explain how it is possible for two rectangles with different areas to have the same perimeter, and solve a real-world problem involving rectangles with the same perimeter but with different areas.",,Released,MA903574399,data/items/MA903574399/MA903574399.png,https://api-tn8previewer.testnav.com/api/tenants/285/item/MA903574399/showByIdentifier/720ea85e8a4542f6b786978a5eaa986d
2023,15,20,Measurement and Data,4.MD.A.3,4.MD.A.3,Solve problems involving measurement and conversion of measurements from a larger unit to a smaller unit.,"Apply the area and perimeter formulas for rectangles in real-world and mathematical problems. For example, find the width of a rectangular room given the area of the flooring and the length, by viewing the area formula as a multiplication equation with an unknown factor. (Note: When finding areas of rectangular regions answers will be in square units. For example, the area of a 1 cm x 1 cm rectangular region will be 1 square centimeter (1 cm2, students are not expected to use this notation.) When finding the perimeter of a rectangular region answers will be in linear units. For example, the perimeter of the region is: 1cm + 1cm + 1cm +1cm = 4 cm or 2(1cm) + 2(1cm) = 4 cm).",SR,Select the equation that shows how to find the perimeter of a rectangle given the length and width.,D,Released,MA903571693,data/items/MA903571693/MA903571693.png,
2025,4,7,Measurement and Data,4.MD.A.3,4.MD.A.3,Solve problems involving measurement and conversion of measurements from a larger unit to a smaller unit.,"Apply the area and perimeter formulas for rectangles in real-world and mathematical problems. For example, find the width of a rectangular room given the area of the flooring and the length, by viewing the area formula as a multiplication equation with an unknown factor. (Note: When finding areas of rectangular regions answers will be in square units. For example, the area of a 1 cm x 1 cm rectangular region will be 1 square centimeter (1 cm2, students are not expected to use this notation.) When finding the perimeter of a rectangular region answers will be in linear units. For example, the perimeter of the region is: 1cm + 1cm + 1cm +1cm = 4 cm or 2(1cm) + 2(1cm) = 4 cm).",SR,Determine the perimeter and the units used to measure perimeter of a rectangle.,C,Released,MA010534486,data/items/MA010534486/MA010534486.png,
2019,8,225,Measurement and Data,4.MD.B.4,4.MD.B.4,Represent and interpret data.,"Make a line plot (dot plot) representation to display a data set of measurements in fractions of a unit (1/2, 1/4, 1/8). Solve problems involving addition and subtraction of fractions by using information presented in line plots (dot plots). For example, from a line plot (dot plot) find and interpret the difference in length between the longest and shortest specimens in an insect collection.",SR,Solve a word problem with addition of fractions by using data from a dot plot.,D,Released,MA303329,,https://api-tn8previewer.testnav.com/api/tenants/285/item/MA303329/showByIdentifier/669cd58a5eb94ab3869bb486b1a629d5
2021,9,11,Measurement and Data,4.MD.B.4,4.MD.B.4,Represent and interpret data.,"Make a line plot (dot plot) representation to display a data set of measurements in fractions of a unit (1/2, 1/4, 1/8). Solve problems involving addition and subtraction of fractions by using information presented in line plots (dot plots). For example, from a line plot (dot plot) find and interpret the difference in length between the longest and shortest specimens in an insect collection.",SR,Determine which line plot represents given data.,B,Released,MA800763292,data/items/MA800763292/MA800763292.png,https://api-tn8previewer.testnav.com/api/tenants/285/item/MA800763292/showByIdentifier/0f31c214410a4ceb87644ac1969461b1
2023,8,12,Measurement and Data,4.MD.B.4,4.MD.B.4,Represent and interpret data.,"Make a line plot (dot plot) representation to display a data set of measurements in fractions of a unit (1/2, 1/4, 1/8). Solve problems involving addition and subtraction of fractions by using information presented in line plots (dot plots). For example, from a line plot (dot plot) find and interpret the difference in length between the longest and shortest specimens in an insect collection.",SR,Solve a word problem with addition of whole numbers and fractions by using data from a dot plot.,A,Released,MA002139080,data/items/MA002139080/MA002139080.png,
2023,10,13,Measurement and Data,4.MD.C.5,4.MD.C.5.a,Geometric measurement: understand concepts of angle and measure angles.,"An angle is measured with reference to a circle with its center at the common endpoint of the rays, by considering the fraction of the circular arc between the points where the two rays intersect the circle. An angle that turns through 1/360 of a circle is called a “one-degree angle,” and can be used to measure angles.",SR,Determine the measure of an angle that turns through a given fraction of a circle.,C,Released,MA903776098,data/items/MA903776098/MA903776098.png,
2025,9,10,Measurement and Data,4.MD.C.5,4.MD.C.5.a,Geometric measurement: understand concepts of angle and measure angles.,"An angle is measured with reference to a circle with its center at the common endpoint of the rays, by considering the fraction of the circular arc between the points where the two rays intersect the circle. An angle that turns through 1/360 of a circle is called a “one-degree angle,” and can be used to measure angles.",SR,Give the measure of an angle that turns through a portion of a circle.,B,Released,MA311554,data/items/MA311554/MA311554.png,
2019,17,235,Measurement and Data,4.MD.C.6,4.MD.C.6,Geometric measurement: understand concepts of angle and measure angles.,Measure angles in whole-number degrees using a protractor. Sketch angles of specified measure.,SR,Determine measures of given angles shown on protractors.,D,Released,MA704650539,,https://api-tn8previewer.testnav.com/api/tenants/285/item/MA704650539/showByIdentifier/d9c4ee661fa24ba28ad41ed082329d35
2022,13,17,Measurement and Data,4.MD.C.6,4.MD.C.6,Geometric measurement: understand concepts of angle and measure angles.,Measure angles in whole-number degrees using a protractor. Sketch angles of specified measure.,SA,Determine the measure of an angle shown with a drawing of a protractor.,45,Released,MA903537924,data/items/MA903537924/MA903537924.png,https://api-tn8previewer.testnav.com/api/tenants/285/item/MA903537924/showByIdentifier/920f7148f22a44d79a7773718aa78524
2025,15,18,Measurement and Data,4.MD.C.6,4.MD.C.6,Geometric measurement: understand concepts of angle and measure angles.,Measure angles in whole-number degrees using a protractor. Sketch angles of specified measure.,SR,Determine measures of angles using a protractor.,"B,E",Released,MA000732007,data/items/MA000732007/MA000732007.png,
2019,14,233,Measurement and Data,4.MD.C.7,4.MD.C.7,Geometric measurement: understand concepts of angle and measure angles.,"Recognize angle measure as additive. When an angle is decomposed into non-overlapping parts, the angle measure of the whole is the sum of the angle measures of the parts. Solve addition and subtraction problems to find unknown angles on a diagram in real world and mathematical problems, e.g., by using an equation with a symbol for the unknown angle measure.",SR,Determine an angle measure given the measures of two adjacent angles and the sum of all three angle measures.,B,Released,MA306994,,https://api-tn8previewer.testnav.com/api/tenants/285/item/MA306994/showByIdentifier/7578b60d583c419dae45796037360641
2021,19,25,Measurement and Data,4.MD.C.7,4.MD.C.7,Geometric measurement: understand concepts of angle and measure angles.,"Recognize angle measure as additive. When an angle is decomposed into non-overlapping parts, the angle measure of the whole is the sum of the angle measures of the parts. Solve addition and subtraction problems to find unknown angles on a diagram in real world and mathematical problems, e.g., by using an equation with a symbol for the unknown angle measure.",SR,Determine an angle measure given the measure of an adjacent angle and the sum of both angle measures.,A,Released,MA306993,data/items/MA306993/MA306993.png,https://api-tn8previewer.testnav.com/api/tenants/285/item/MA306993/showByIdentifier/6904287a512b4b3288db494e722efb35
2023,12,17,Measurement and Data,4.MD.C.7,4.MD.C.7,Geometric measurement: understand concepts of angle and measure angles.,"Recognize angle measure as additive. When an angle is decomposed into non-overlapping parts, the angle measure of the whole is the sum of the angle measures of the parts. Solve addition and subtraction problems to find unknown angles on a diagram in real world and mathematical problems, e.g., by using an equation with a symbol for the unknown angle measure.",SR,Determine the angle measure of a larger angle given the measures of the individual angles that make up the larger angle.,A,Released,MA002140372,data/items/MA002140372/MA002140372.png,
2019,11,228,Number and Operations in Base Ten,4.NBT.A.1,4.NBT.A.1,"Generalize place value understanding for multi-digit whole numbers less than or equal to 1,000,000.","Recognize that in a multi-digit whole number, a digit in any place represents 10 times as much as it represents in the place to its right. For example, recognize that 700 ÷ 70 = 10 by applying concepts of place value and division.",SA,"In a given multi-digit number, recognize that the value of a digit is 10 times the value of the digit to its right.",10,Released,MA307033,,https://api-tn8previewer.testnav.com/api/tenants/285/item/MA307033/showByIdentifier/0be18d5719174b02a411444dffc2f9c9
2022,4,6,Number and Operations in Base Ten,4.NBT.A.1,4.NBT.A.1,"Generalize place value understanding for multi-digit whole numbers less than or equal to 1,000,000.","Recognize that in a multi-digit whole number, a digit in any place represents 10 times as much as it represents in the place to its right. For example, recognize that 700 ÷ 70 = 10 by applying concepts of place value and division.",SR,Determine which number has a digit with a value that is 10 times the value of a digit in a given number.,B,Released,MA307310,data/items/MA307310/MA307310.png,https://api-tn8previewer.testnav.com/api/tenants/285/item/MA307310/showByIdentifier/64487f0600a541d197ee1821aad8f04f
2019,12,231,Number and Operations in Base Ten,4.NBT.A.2,4.NBT.A.2,"Generalize place value understanding for multi-digit whole numbers less than or equal to 1,000,000.","Read and write multi-digit whole numbers using base-ten numerals, number names, and expanded form. Compare two multi-digit numbers based on meanings of the digits in each place, using >, =, and < symbols to record the results of comparisons.  [Note: Grade 4 expectations in this domain are limited to whole numbers less than or equal to 1,000,000.]",SA,Write the standard form of a number given in word form.,14205,Released,MA307037,,https://api-tn8previewer.testnav.com/api/tenants/285/item/MA307037/showByIdentifier/2843c54d0f13417bacfc4f6e3b3945d1
2021,6,8,Number and Operations in Base Ten,4.NBT.A.2,4.NBT.A.2,"Generalize place value understanding for multi-digit whole numbers less than or equal to 1,000,000.","Read and write multi-digit whole numbers using base-ten numerals, number names, and expanded form. Compare two multi-digit numbers based on meanings of the digits in each place, using >, =, and < symbols to record the results of comparisons.  [Note: Grade 4 expectations in this domain are limited to whole numbers less than or equal to 1,000,000.]",CR,Express multi-digit whole numbers in standard and expanded forms and use place value understanding to compare the numbers with symbols and to explain your answer.,,Released,MA800780932,data/items/MA800780932/MA800780932.png,https://api-tn8previewer.testnav.com/api/tenants/285/item/MA800780932/showByIdentifier/d60261a8110e4b349daab8b3a944cad7
2025,7,9,Number and Operations in Base Ten,4.NBT.A.2,4.NBT.A.2,"Generalize place value understanding for multi-digit whole numbers less than or equal to 1,000,000.","Read and write multi-digit whole numbers using base-ten numerals, number names, and expanded form. Compare two multi-digit numbers based on meanings of the digits in each place, using >, =, and < symbols to record the results of comparisons.  [Note: Grade 4 expectations in this domain are limited to whole numbers less than or equal to 1,000,000.]",SR,"Match numbers written in expanded form to their equivalent numbers written in word form, and compare numbers written in word form to a number in standard form.","A,D,E; B,C,F",Released,MA713677363,data/items/MA713677363/MA713677363.png,
2019,16,234,Number and Operations in Base Ten,4.NBT.A.3,4.NBT.A.3,"Generalize place value understanding for multi-digit whole numbers less than or equal to 1,000,000.",Use place value understanding to round multi-digit whole numbers to any place.,SR,"Round multi-digit whole numbers to the nearest ten, hundred, and thousand.","A,D,E",Released,MA713680384,,https://api-tn8previewer.testnav.com/api/tenants/285/item/MA713680384/showByIdentifier/491e4dd859a64ee8b71238b5dd8d3078
2021,18,24,Number and Operations in Base Ten,4.NBT.A.3,4.NBT.A.3,"Generalize place value understanding for multi-digit whole numbers less than or equal to 1,000,000.",Use place value understanding to round multi-digit whole numbers to any place.,SR,"Determine which multi-digit whole numbers, when rounded to the nearest ten thousand, round to a given number.","A,D",Released,MA803846674,data/items/MA803846674/MA803846674.png,https://api-tn8previewer.testnav.com/api/tenants/285/item/MA803846674/showByIdentifier/12bc38163ee34a58bbfed1ca07d14683
2022,16,23,Number and Operations in Base Ten,4.NBT.A.3,4.NBT.A.3,"Generalize place value understanding for multi-digit whole numbers less than or equal to 1,000,000.",Use place value understanding to round multi-digit whole numbers to any place.,SR,"Round a multi-digit whole number to the nearest thousand, ten thousand, and hundred thousand.","B,C,E",Released,MA900842465,data/items/MA900842465/MA900842465.png,https://api-tn8previewer.testnav.com/api/tenants/285/item/MA900842465/showByIdentifier/b4dfd73d7d0d4b21b3a98da884451716
2023,16,20,Number and Operations in Base Ten,4.NBT.A.3,4.NBT.A.3,"Generalize place value understanding for multi-digit whole numbers less than or equal to 1,000,000.",Use place value understanding to round multi-digit whole numbers to any place.,SR,"Round a multi-digit whole number to the nearest hundred, thousand, and ten thousand.","B,C,E",Released,MA001851276,data/items/MA001851276/MA001851276.png,
2025,6,8,Number and Operations in Base Ten,4.NBT.A.3,4.NBT.A.3,"Generalize place value understanding for multi-digit whole numbers less than or equal to 1,000,000.",Use place value understanding to round multi-digit whole numbers to any place.,SR,Round a six-digit whole number to the nearest thousand.,B,Released,MA202029218,data/items/MA202029218/MA202029218.png,
2019,19,236,Number and Operations in Base Ten,4.NBT.B.4,4.NBT.B.4,"Use place value understanding and properties of operations to perform multi-digit arithmetic on whole numbers less than or equal to 1,000,000.",Fluently add and subtract multi-digit whole numbers using the standard algorithm.,SR,Determine the difference of two five-digit numbers.,A,Released,MA286777,,https://api-tn8previewer.testnav.com/api/tenants/285/item/MA286777/showByIdentifier/f705796b68c143d298148835624a2f46
2021,10,12,Number and Operations in Base Ten,4.NBT.B.4,4.NBT.B.4,"Use place value understanding and properties of operations to perform multi-digit arithmetic on whole numbers less than or equal to 1,000,000.",Fluently add and subtract multi-digit whole numbers using the standard algorithm.,SR,"Given one three-digit addend and the three-digit sum, determine the missing addend.",A,Released,MA270627,data/items/MA270627/MA270627.png,https://api-tn8previewer.testnav.com/api/tenants/285/item/MA270627/showByIdentifier/16694096fdbe417eaa53a11e25f662fb
2022,2,5,Number and Operations in Base Ten,4.NBT.B.4,4.NBT.B.4,"Use place value understanding and properties of operations to perform multi-digit arithmetic on whole numbers less than or equal to 1,000,000.",Fluently add and subtract multi-digit whole numbers using the standard algorithm.,SR,Determine which set of student work given for a subtraction problem of a four-digit number minus a three-digit number is correct.,B,Released,MA307692,data/items/MA307692/MA307692.png,https://api-tn8previewer.testnav.com/api/tenants/285/item/MA307692/showByIdentifier/ad6948e405ef4cbcbeb5b3073c53130e
2023,9,13,Number and Operations in Base Ten,4.NBT.B.4,4.NBT.B.4,"Use place value understanding and properties of operations to perform multi-digit arithmetic on whole numbers less than or equal to 1,000,000.",Fluently add and subtract multi-digit whole numbers using the standard algorithm.,SR,Determine the difference of a six-digit number and a four-digit number.,A,Released,MA002034926,data/items/MA002034926/MA002034926.png,
2025,12,14,Number and Operations in Base Ten,4.NBT.B.4,4.NBT.B.4,"Use place value understanding and properties of operations to perform multi-digit arithmetic on whole numbers less than or equal to 1,000,000.",Fluently add and subtract multi-digit whole numbers using the standard algorithm.,SR,Subtract a four-digit whole number from a five-digit whole number.,B,Released,MA307314,data/items/MA307314/MA307314.png,
2022,12,16,Number and Operations in Base Ten,4.NBT.B.5,4.NBT.B.5,"Use place value understanding and properties of operations to perform multi-digit arithmetic on whole numbers less than or equal to 1,000,000.","Multiply a whole number of up to four digits by a one-digit whole number, and multiply two two-digit numbers, using strategies based on place value and the properties of operations. Illustrate and explain the calculation by using equations, rectangular arrays, and/or area models.",SA,Determine the product of a three-digit number and a one-digit number.,2800,Released,MA279790,data/items/MA279790/MA279790.png,https://api-tn8previewer.testnav.com/api/tenants/285/item/MA279790/showByIdentifier/f22f510a98ba4c7ebc5a975e5f28c884
2023,13,18–19,Number and Operations in Base Ten,4.NBT.B.5,4.NBT.B.5,"Use place value understanding and properties of operations to perform multi-digit arithmetic on whole numbers less than or equal to 1,000,000.","Multiply a whole number of up to four digits by a one-digit whole number, and multiply two two-digit numbers, using strategies based on place value and the properties of operations. Illustrate and explain the calculation by using equations, rectangular arrays, and/or area models.",CR,"Solve word problems by multiplying whole numbers: two digits by one digit, two digits by two digits, and four digits by one digit.",,Released,MA307317,data/items/MA307317/MA307317.png,
2025,20,21,Number and Operations in Base Ten,4.NBT.B.5,4.NBT.B.5,"Use place value understanding and properties of operations to perform multi-digit arithmetic on whole numbers less than or equal to 1,000,000.","Multiply a whole number of up to four digits by a one-digit whole number, and multiply two two-digit numbers, using strategies based on place value and the properties of operations. Illustrate and explain the calculation by using equations, rectangular arrays, and/or area models.",SR,Determine if the given products of a three-digit number and a one-digit number are correct.,"B,C,E",Released,MA002162929,data/items/MA002162929/MA002162929.png,
2022,7,9,Number and Operations in Base Ten,4.NBT.B.6,4.NBT.B.6,"Use place value understanding and properties of operations to perform multi-digit arithmetic on whole numbers less than or equal to 1,000,000.","Find whole-number quotients and remainders with up to four-digit dividends and one-digit divisors, using strategies based on place value, the properties of operations, and/or the relationship between multiplication and division. Illustrate and explain the calculation by using equations, rectangular arrays, and/or area models.",SR,Determine which statements showing related multiplication equations and division equations including a variable are correct.,"A,D,E",Released,MA623833763,data/items/MA623833763/MA623833763.png,https://api-tn8previewer.testnav.com/api/tenants/285/item/MA623833763/showByIdentifier/bb9d03d105504ecc89480b90350bb015
2025,18,20,Number and Operations in Base Ten,4.NBT.B.6,4.NBT.B.6,"Use place value understanding and properties of operations to perform multi-digit arithmetic on whole numbers less than or equal to 1,000,000.","Find whole-number quotients and remainders with up to four-digit dividends and one-digit divisors, using strategies based on place value, the properties of operations, and/or the relationship between multiplication and division. Illustrate and explain the calculation by using equations, rectangular arrays, and/or area models.",SR,Determine the whole number quotient of a four-digit dividend and a one-digit divisor.,A,Released,MA311543,data/items/MA311543/MA311543.png,
2021,17,23,Number and Operations–Fractions,4.NF.A.1,4.NF.A.1,"Extend understanding of fraction equivalence and ordering for fractions with denominators 2, 3, 4, 5, 6, 8, 10, 12, and 100.","Explain why a fraction a/b is equivalent to a fraction (n x a)/(n x b) by using visual fraction models, with attention to how the numbers and sizes of the parts differ even though the two fractions themselves are the same size. Use this principle to recognize and generate equivalent fractions, including fractions greater than 1.",SR,Identify a fraction model that represents a fraction equivalent to a given mixed number.,D,Released,MA803742735,data/items/MA803742735/MA803742735.png,https://api-tn8previewer.testnav.com/api/tenants/285/item/MA803742735/showByIdentifier/7b0aaa1fbbd64f17b4873d25a189649b
2022,14,20,Number and Operations–Fractions,4.NF.A.1,4.NF.A.1,"Extend understanding of fraction equivalence and ordering for fractions with denominators 2, 3, 4, 5, 6, 8, 10, 12, and 100.","Explain why a fraction a/b is equivalent to a fraction (n x a)/(n x b) by using visual fraction models, with attention to how the numbers and sizes of the parts differ even though the two fractions themselves are the same size. Use this principle to recognize and generate equivalent fractions, including fractions greater than 1.",SA,Determine the denominator that will make a fraction equivalent to a given fraction.,12,Released,MA800767155,data/items/MA800767155/MA800767155.png,https://api-tn8previewer.testnav.com/api/tenants/285/item/MA800767155/showByIdentifier/35cb246fbead406885011b2392004b68
2019,7,224,Number and Operations–Fractions,4.NF.A.2,4.NF.A.2,"Extend understanding of fraction equivalence and ordering for fractions with denominators 2, 3, 4, 5, 6, 8, 10, 12, and 100.","Compare two fractions with different numerators and different denominators, e.g., by creating common denominators or numerators, or by comparing to a benchmark fraction such as 1/2. Recognize that comparisons are valid only when the two fractions refer to the same whole. Record the results of comparisons with symbols >, =, or <, and justify the conclusions, e.g., by using a visual fraction model.",SR,Identify the correct comparisons of two fractions that are represented by visual fraction models.,"B,E",Released,MA704647848,,https://api-tn8previewer.testnav.com/api/tenants/285/item/MA704647848/showByIdentifier/6b0ac226e62b4e37919292db8e9269df
2021,20,26,Number and Operations–Fractions,4.NF.A.2,4.NF.A.2,"Extend understanding of fraction equivalence and ordering for fractions with denominators 2, 3, 4, 5, 6, 8, 10, 12, and 100.","Compare two fractions with different numerators and different denominators, e.g., by creating common denominators or numerators, or by comparing to a benchmark fraction such as 1/2. Recognize that comparisons are valid only when the two fractions refer to the same whole. Record the results of comparisons with symbols >, =, or <, and justify the conclusions, e.g., by using a visual fraction model.",SR,"Determine which number sentences with the symbols <, >, or = correctly compare two given fractions with different numerators and denominators.","A,E",Released,MA803746135,data/items/MA803746135/MA803746135.png,https://api-tn8previewer.testnav.com/api/tenants/285/item/MA803746135/showByIdentifier/2369029383124b8f807f4d0072257694
2023,4,6–8,Number and Operations—Fractions,4.NF.A.2,4.NF.A.2,"Extend understanding of fraction equivalence and ordering for fractions with denominators 2, 3, 4, 5, 6, 8, 10, 12, and 100.","Compare two fractions with different numerators and different denominators, e.g., by creating common denominators or numerators, or by comparing to a benchmark fraction such as 1/2. Recognize that comparisons are valid only when the two fractions refer to the same whole. Record the results of comparisons with symbols >, =, or <, and justify the conclusions, e.g., by using a visual fraction model.",CR,"Write a fraction comparison using symbols, compare fractions with different denominators, and critique the reasoning of others about different-sized wholes in a word problem.",,Released,MA801035466,data/items/MA801035466/MA801035466.png,
2025,1,4,Number and Operations–Fractions,4.NF.A.2,4.NF.A.2,"Extend understanding of fraction equivalence and ordering for fractions with denominators 2, 3, 4, 5, 6, 8, 10, 12, and 100.","Compare two fractions with different numerators and different denominators, e.g., by creating common denominators or numerators, or by comparing to a benchmark fraction such as 1/2. Recognize that comparisons are valid only when the two fractions refer to the same whole. Record the results of comparisons with symbols >, =, or <, and justify the conclusions, e.g., by using a visual fraction model.",SR,Identify a fraction that will make a comparison statement with another fraction true.,D,Released,MA900754381,data/items/MA900754381/MA900754381.png,
2019,4,220,Number and Operations–Fractions,4.NF.B.3,4.NF.B.3.b,"Build fractions from unit fractions by applying and extending previous understandings of operations on whole numbers for fractions with denominators 2, 3, 4, 5, 6, 8, 10, 12, and 100.","Decompose a fraction into a sum of fractions with the same denominator in more than one way, recording each decomposition by an equation. Justify decompositions, e.g., by using drawings or visual fraction models. Examples: 3/8 = 1/8 + 1/8 + 1/8 ; 3/8 = 1/8 + 2/8 ; 2 1/8 = 1 + 1 + 1/8 = 8/8 + 8/8 + 1/8.",SR,Determine which expression has a value that is not equivalent to a given expression.,B,Released,MA303319,,https://api-tn8previewer.testnav.com/api/tenants/285/item/MA303319/showByIdentifier/451f1dea37b143deaf9aad7845a99de1
2021,1,4,Number and Operations–Fractions,4.NF.B.3,4.NF.B.3.a,"Build fractions from unit fractions by applying and extending previous understandings of operations on whole numbers for fractions with denominators 2, 3, 4, 5, 6, 8, 10, 12, and 100.",a. Understand addition and subtraction of fractions as joining and separating parts referring to the same whole. (The whole can be a set of objects.),SR,Determine which fraction model represents the sum of two given fractions with like denominators.,D,Released,MA704649496,data/items/MA704649496/MA704649496.png,https://api-tn8previewer.testnav.com/api/tenants/285/item/MA704649496/showByIdentifier/56692e4bf6634a21aa6ace842558a905
2022,1,4,Number and Operations–Fractions,4.NF.B.3,4.NF.B.3.d,"Build fractions from unit fractions by applying and extending previous understandings of operations on whole numbers for fractions with denominators 2, 3, 4, 5, 6, 8, 10, 12, and 100.","Solve word problems involving addition and subtraction of fractions referring to the same whole and having like denominators, e.g., by using drawings or visual fraction models and equations to represent the problem.",SR,Determine which addition equation involving fractions represents a given real-world context.,B,Released,MA900845776,data/items/MA900845776/MA900845776.png,https://api-tn8previewer.testnav.com/api/tenants/285/item/MA900845776/showByIdentifier/f4fa600c647d4940a020cde3155c842d
2023,19,23,Number and Operations—Fractions,4.NF.B.3,4.NF.B.3.d,"Build fractions from unit fractions by applying and extending previous understandings of operations on whole numbers for fractions with denominators 2, 3, 4, 5, 6, 8, 10, 12, and 100.","Solve word problems involving addition and subtraction of fractions referring to the same whole and having like denominators, e.g., by using drawings or visual fraction models and equations to represent the problem.",SR,Determine which model represents the answer to a real-world problem involving addition and subtraction of fractions with like denominators.,D,Released,MA900846441,data/items/MA900846441/MA900846441.png,
2025,3,5–6,Number and Operations–Fractions,4.NF.B.3,4.NF.B.3,"Build fractions from unit fractions by applying and extending previous understandings of operations on whole numbers for fractions with denominators 2, 3, 4, 5, 6, 8, 10, 12, and 100.",Understand a fraction a/b with a > 1 as a sum of fractions 1/b.,CR,"Solve word problems by identifying an equation that shows the sum of two fractions, justifying if a given equation is correct or not, adding and subtracting fractions, and subtracting mixed numbers.",,Released,MA800780887,data/items/MA800780887/MA800780887.png,
2019,18,236,Number and Operations–Fractions,4.NF.B.4,4.NF.B.4.c,"Build fractions from unit fractions by applying and extending previous understandings of operations on whole numbers for fractions with denominators 2, 3, 4, 5, 6, 8, 10, 12, and 100.","Solve word problems involving multiplication of a fraction by a whole number, e.g., by using visual fraction models and equations to represent the problem. For example, if each person at a party will eat 3/8 of a pound of roast beef, and there will be 5 people at the party, how many pounds of roast beef will be needed? Between what two whole numbers does your answer lie?",SR,Solve a word problem by multiplying a fraction by a whole number.,B,Released,MA304988,,https://api-tn8previewer.testnav.com/api/tenants/285/item/MA304988/showByIdentifier/b58b9aaa90604c56bf2a497cc4988bed
2021,4,7,Number and Operations–Fractions,4.NF.B.4,4.NF.B.4.c,"Build fractions from unit fractions by applying and extending previous understandings of operations on whole numbers for fractions with denominators 2, 3, 4, 5, 6, 8, 10, 12, and 100.","Solve word problems involving multiplication of a fraction by a whole number, e.g., by using visual fraction models and equations to represent the problem. For example, if each person at a party will eat 3/8 of a pound of roast beef, and there will be 5 people at the party, how many pounds of roast beef will be needed? Between what two whole numbers does your answer lie?",SR,Solve a word problem by multiplying a fraction by a whole number.,A,Released,MA297973,data/items/MA297973/MA297973.png,https://api-tn8previewer.testnav.com/api/tenants/285/item/MA297973/showByIdentifier/b1ee2d19b84246b8bb298099ee641bfd
2022,9,12,Number and Operations–Fractions,4.NF.B.4,4.NF.B.4.c,"Build fractions from unit fractions by applying and extending previous understandings of operations on whole numbers for fractions with denominators 2, 3, 4, 5, 6, 8, 10, 12, and 100.","Solve word problems involving multiplication of a fraction by a whole number, e.g., by using visual fraction models and equations to represent the problem. For example, if each person at a party will eat 3/8 of a pound of roast beef, and there will be 5 people at the party, how many pounds of roast beef will be needed? Between what two whole numbers does your answer lie?",SR,Solve a word problem by multiplying a fraction by a whole number.,B,Released,MA800633803,data/items/MA800633803/MA800633803.png,https://api-tn8previewer.testnav.com/api/tenants/285/item/MA800633803/showByIdentifier/3cebb5ec77504ea8b55bc29f0c9ed44e
2022,20,25,Number and Operations–Fractions,4.NF.B.4,4.NF.B.4.a,"Build fractions from unit fractions by applying and extending previous understandings of operations on whole numbers for fractions with denominators 2, 3, 4, 5, 6, 8, 10, 12, and 100.","Understand a fraction a/b as a multiple of 1/b. For example, use a visual fraction model to represent 5/4 as the product 5 x (1/4), recording the conclusion by the equation 5/4 = 5 x (1/4).",SR,Determine the fraction model that represents the product of a whole number and a unit fraction.,D,Released,MA704650142,data/items/MA704650142/MA704650142.png,https://api-tn8previewer.testnav.com/api/tenants/285/item/MA704650142/showByIdentifier/16427380194c4048b6ae43653e7b6940
2023,20,24,Number and Operations—Fractions,4.NF.B.4,4.NF.B.4.c,"Build fractions from unit fractions by applying and extending previous understandings of operations on whole numbers for fractions with denominators 2, 3, 4, 5, 6, 8, 10, 12, and 100.","Solve word problems involving multiplication of a fraction by a whole number, e.g., by using visual fraction models and equations to represent the problem. For example, if each person at a party will eat 3/8 of a pound of roast beef, and there will be 5 people at the party, how many pounds of roast beef will be needed? Between what two whole numbers does your answer lie?",SR,Solve a word problem by multiplying a fraction by a whole number.,B,Released,MA303324,data/items/MA303324/MA303324.png,
2025,11,14,Number and Operations–Fractions,4.NF.B.4,4.NF.B.4.c,"Build fractions from unit fractions by applying and extending previous understandings of operations on whole numbers for fractions with denominators 2, 3, 4, 5, 6, 8, 10, 12, and 100.","Solve word problems involving multiplication of a fraction by a whole number, e.g., by using visual fraction models and equations to represent the problem. For example, if each person at a party will eat 3/8 of a pound of roast beef, and there will be 5 people at the party, how many pounds of roast beef will be needed? Between what two whole numbers does your answer lie?",SR,Solve a word problem by multiplying a fraction and a whole number.,A,Released,MA233051799,data/items/MA233051799/MA233051799.png,
2019,2,217,Number and Operations–Fractions,4.NF.C.5,4.NF.C.5,"Understand decimal notation for fractions, and compare decimal fractions.","Express a fraction with denominator 10 as an equivalent fraction with denominator 100, and use this technique to add two fractions with respective denominators 10 and 100. For example, express 3/10 as 30/100, and add 3/10 + 4/100 = 34/100.",SR,Add fractions with denominators of 10 and 100.,A,Released,MA311551,,https://api-tn8previewer.testnav.com/api/tenants/285/item/MA311551/showByIdentifier/04988ee6bd8e44d2a76a17cac29f9cf1
2021,12,14,Number and Operations–Fractions,4.NF.C.5,4.NF.C.5,"Understand decimal notation for fractions, and compare decimal fractions.","Express a fraction with denominator 10 as an equivalent fraction with denominator 100, and use this technique to add two fractions with respective denominators 10 and 100. For example, express 3/10 as 30/100, and add 3/10 + 4/100 = 34/100.",SA,Determine the numerator of a fraction with a denominator of 100 that makes it equivalent to a given fraction with a denominator of 10.,70,Released,MA736379417,data/items/MA736379417/MA736379417.png,https://api-tn8previewer.testnav.com/api/tenants/285/item/MA736379417/showByIdentifier/31a9234ad648443d836d4be4c05a89db
2022,17,23,Number and Operations–Fractions,4.NF.C.5,4.NF.C.5,"Understand decimal notation for fractions, and compare decimal fractions.","Express a fraction with denominator 10 as an equivalent fraction with denominator 100, and use this technique to add two fractions with respective denominators 10 and 100. For example, express 3/10 as 30/100, and add 3/10 + 4/100 = 34/100.",SR,Identify two fractions with denominators of 10 and 100 that are equivalent.,"C,E",Released,MA903134963,data/items/MA903134963/MA903134963.png,https://api-tn8previewer.testnav.com/api/tenants/285/item/MA903134963/showByIdentifier/2ac51c200a0e4f27baa3c0147fc97220
2019,5,221,Number and Operations–Fractions,4.NF.C.6,4.NF.C.6,"Understand decimal notation for fractions, and compare decimal fractions.","Use decimal notation to represent fractions with denominators 10 or 100. For example, rewrite 0.62 as 62/100; describe a length as 0.62 meters; locate 0.62 on a number line diagram.",SR,Determine the location of a given decimal on a number line.,C,Released,MA714225971,,https://api-tn8previewer.testnav.com/api/tenants/285/item/MA714225971/showByIdentifier/d2aa0665b96c4d92bdc907a4e73d4649
2021,3,6,Number and Operations–Fractions,4.NF.C.6,4.NF.C.6,"Understand decimal notation for fractions, and compare decimal fractions.","Use decimal notation to represent fractions with denominators 10 or 100. For example, rewrite 0.62 as 62/100; describe a length as 0.62 meters; locate 0.62 on a number line diagram.",SR,Determine which decimals are equivalent to a given amount represented by a visual model.,"A,E",Released,MA229063,data/items/MA229063/MA229063.png,https://api-tn8previewer.testnav.com/api/tenants/285/item/MA229063/showByIdentifier/f506d44e0ffb4ec2acbece644f210bb2
2021,16,21–22,Number and Operations–Fractions,4.NF.C.6,4.NF.C.6,"Understand decimal notation for fractions, and compare decimal fractions.","Use decimal notation to represent fractions with denominators 10 or 100. For example, rewrite 0.62 as 62/100; describe a length as 0.62 meters; locate 0.62 on a number line diagram.",SA,Write a decimal equivalent for a given fraction and choose which number line shows a point that represents a given decimal.,0.54;C,Released,MA714226701,data/items/MA714226701/MA714226701.png,https://api-tn8previewer.testnav.com/api/tenants/285/item/MA714226701/showByIdentifier/ffaf59687edd495987de0f8a45d79169
2022,19,24,Number and Operations–Fractions,4.NF.C.6,4.NF.C.6,"Understand decimal notation for fractions, and compare decimal fractions.","Use decimal notation to represent fractions with denominators 10 or 100. For example, rewrite 0.62 as 62/100; describe a length as 0.62 meters; locate 0.62 on a number line diagram.",SR,Identify the fraction that is equivalent to a given decimal.,C,Released,MA286765,data/items/MA286765/MA286765.png,https://api-tn8previewer.testnav.com/api/tenants/285/item/MA286765/showByIdentifier/ef188020f4c04995aee7acc13cda4e93
2023,6,10,Number and Operations—Fractions,4.NF.C.6,4.NF.C.6,"Understand decimal notation for fractions, and compare decimal fractions.","Use decimal notation to represent fractions with denominators 10 or 100. For example, rewrite 0.62 as 62/100; describe a length as 0.62 meters; locate 0.62 on a number line diagram.",SR,"Convert a given fraction, with a denominator of 100, to a decimal and identify the number line with a point that represents the location of the decimal.",D,Released,MA002334462,data/items/MA002334462/MA002334462.png,
2025,17,20,Number and Operations–Fractions,4.NF.C.6,4.NF.C.6,"Understand decimal notation for fractions, and compare decimal fractions.","Use decimal notation to represent fractions with denominators 10 or 100. For example, rewrite 0.62 as 62/100; describe a length as 0.62 meters; locate 0.62 on a number line diagram.",SR,Determine which fraction is equivalent to a given decimal.,D,Released,MA231836735,data/items/MA231836735/MA231836735.png,
2019,3,218,Number and Operations–Fractions,4.NF.C.7,4.NF.C.7,"Understand decimal notation for fractions, and compare decimal fractions.","Compare two decimals to hundredths by reasoning about their size. Recognize that comparisons are valid only when the two decimals refer to the same whole. Record the results of comparisons with the symbols >, =, or <, and justify the conclusions, e.g., by using a visual model.",CR,"Compare decimals given in tenths and hundredths in a list, order decimals from least to greatest, and determine which decimal from the list is closest in value to a given decimal.",,Released,MA311583,,https://api-tn8previewer.testnav.com/api/tenants/285/item/MA311583/showByIdentifier/e578688d85784296a661e7d149681d51
2022,5,7,Number and Operations–Fractions,4.NF.C.7,4.NF.C.7,"Understand decimal notation for fractions, and compare decimal fractions.","Compare two decimals to hundredths by reasoning about their size. Recognize that comparisons are valid only when the two decimals refer to the same whole. Record the results of comparisons with the symbols >, =, or <, and justify the conclusions, e.g., by using a visual model.",SR,"Determine which comparisons of two decimals to hundredths using the symbols >, <, or = are correct.","A,E",Released,MA900775955,data/items/MA900775955/MA900775955.png,https://api-tn8previewer.testnav.com/api/tenants/285/item/MA900775955/showByIdentifier/566500f5b4b245a787c79096b137248c
2023,11,16,Number and Operations—Fractions,4.NF.C.7,4.NF.C.7,"Understand decimal notation for fractions, and compare decimal fractions.","Compare two decimals to hundredths by reasoning about their size. Recognize that comparisons are valid only when the two decimals refer to the same whole. Record the results of comparisons with the symbols >, =, or <, and justify the conclusions, e.g., by using a visual model.",SR,Identify correct comparison statements of two decimals to hundredths and tenths using the symbols > or <.,B,Released,MA002145158,data/items/MA002145158/MA002145158.png,
2025,13,15,Number and Operations–Fractions,4.NF.C.7,4.NF.C.7,"Understand decimal notation for fractions, and compare decimal fractions.","Compare two decimals to hundredths by reasoning about their size. Recognize that comparisons are valid only when the two decimals refer to the same whole. Record the results of comparisons with the symbols >, =, or <, and justify the conclusions, e.g., by using a visual model.",SA,Write a decimal that is less than a number shown on a visual model.,Any decimal less than 0.09.,Released,MA900776517,data/items/MA900776517/MA900776517.png,
2021,2,5,Operations and Algebraic Thinking,4.OA.A.1,4.OA.A.1,Use the four operations with whole numbers to solve problems.,"Interpret a multiplication equation as a comparison, e.g., interpret 35 = 5 x 7 as a statement that 35 is 5 times as many as 7 and 7 times as many as 5. Represent verbal statements of multiplicative comparisons as multiplication equations.",SR,Determine which equation represents a multiplicative comparison in a word problem.,C,Released,MA307079,data/items/MA307079/MA307079.png,https://api-tn8previewer.testnav.com/api/tenants/285/item/MA307079/showByIdentifier/4cb7ff49597645b88663519843226b04
2023,18,22,Operations and Algebraic Thinking,4.OA.A.1,4.OA.A.1,Use the four operations with whole numbers to solve problems.,"Interpret a multiplication equation as a comparison, e.g., interpret 35 = 5 x 7 as a statement that 35 is 5 times as many as 7 and 7 times as many as 5. Represent verbal statements of multiplicative comparisons as multiplication equations.",SR,Determine which multiplication equation represents a given word comparison and which word comparison represents a given multiplication equation.,A;C,Released,MA704653374,data/items/MA704653374/MA704653374.png,
2019,6,222,Operations and Algebraic Thinking,4.OA.A.2,4.OA.A.2,Use the four operations with whole numbers to solve problems.,"Multiply or divide to solve word problems involving multiplicative comparison, e.g., by using drawings and equations with a symbol for the unknown number to represent the problem, distinguishing multiplicative comparison from additive comparison. [Note: See Glossary, Table 2.]",CR,Write an equation with a symbol for the unknown number to represent a word problem involving multiplicative comparison and then multiply to solve problems.,,Released,MA713939739,,https://api-tn8previewer.testnav.com/api/tenants/285/item/MA713939739/showByIdentifier/198a8d5c7c3942258c1c9c999bebd0bf
2023,1,4,Operations and Algebraic Thinking,4.OA.A.2,4.OA.A.2,Use the four operations with whole numbers to solve problems.,"Multiply or divide to solve word problems involving multiplicative comparison, e.g., by using drawings and equations with a symbol for the unknown number to represent the problem, distinguishing multiplicative comparison from additive comparison. [Note: See Glossary, Table 2.]",SR,Solve a word problem involving a multiplicative comparison.,A,Released,MA301798,data/items/MA301798/MA301798.png,
2025,8,10,Operations and Algebraic Thinking,4.OA.A.2,4.OA.A.2,Use the four operations with whole numbers to solve problems.,"Multiply or divide to solve word problems involving multiplicative comparison, e.g., by using drawings and equations with a symbol for the unknown number to represent the problem, distinguishing multiplicative comparison from additive comparison. [Note: See Glossary, Table 2.]",SR,Choose multiplication and division equations that can be used to solve a word problem involving a multiplicative comparison.,"A,B,E",Released,MA900741771,data/items/MA900741771/MA900741771.png,
2019,15,234,Operations and Algebraic Thinking,4.OA.A.3,4.OA.A.3,Use the four operations with whole numbers to solve problems.,"Solve multistep word problems posed with whole numbers and having whole-number answers using the four operations, including problems in which remainders must be interpreted. Represent these problems using equations with a letter standing for the unknown quantity. Assess the reasonableness of answers using mental computation and estimation strategies including rounding.",SR,Solve a multi-step word problem involving addition and division of whole numbers.,C,Released,MA279791,,https://api-tn8previewer.testnav.com/api/tenants/285/item/MA279791/showByIdentifier/2585706222074be7b9bc53847f510fb8
2021,15,20,Operations and Algebraic Thinking,4.OA.A.3,4.OA.A.3,Use the four operations with whole numbers to solve problems.,"Solve multistep word problems posed with whole numbers and having whole-number answers using the four operations, including problems in which remainders must be interpreted. Represent these problems using equations with a letter standing for the unknown quantity. Assess the reasonableness of answers using mental computation and estimation strategies including rounding.",SR,"Given a multi-step word problem, divide whole numbers and interpret the remainder to determine which statements that describe the problem are true.","B,E",Released,MA713629341,data/items/MA713629341/MA713629341.png,https://api-tn8previewer.testnav.com/api/tenants/285/item/MA713629341/showByIdentifier/0c71ca6a5ad84518ac81728a08259ab7
2022,10,13,Operations and Algebraic Thinking,4.OA.A.3,4.OA.A.3,Use the four operations with whole numbers to solve problems.,"Solve multistep word problems posed with whole numbers and having whole-number answers using the four operations, including problems in which remainders must be interpreted. Represent these problems using equations with a letter standing for the unknown quantity. Assess the reasonableness of answers using mental computation and estimation strategies including rounding.",SR,"Solve a multi-step real-world problem using multiplication and division, and by interpreting a remainder.",B,Released,MA900751683,data/items/MA900751683/MA900751683.png,https://api-tn8previewer.testnav.com/api/tenants/285/item/MA900751683/showByIdentifier/45ca14f65b1f44e7ad8bfd834a7e4b08
2019,1,216,Operations and Algebraic Thinking,4.OA.B.4,4.OA.B.4,Gain familiarity with factors and multiples.,Find all factor pairs for a whole number in the range 1–100. Recognize that a whole number is a multiple of each of its factors. Determine whether a given whole number in the range 1–100 is a multiple of a given one-digit number. Determine whether a given whole number in the range 1–100 is prime or composite.,SR,"Given a set of multiples of a number, determine the number.",B,Released,MA227383,,https://api-tn8previewer.testnav.com/api/tenants/285/item/MA227383/showByIdentifier/8f4732b0f0674888872e98ebde8b9d84
2021,5,7,Operations and Algebraic Thinking,4.OA.B.4,4.OA.B.4,Gain familiarity with factors and multiples.,Find all factor pairs for a whole number in the range 1–100. Recognize that a whole number is a multiple of each of its factors. Determine whether a given whole number in the range 1–100 is a multiple of a given one-digit number. Determine whether a given whole number in the range 1–100 is prime or composite.,SR,Identify prime numbers.,"B,D",Released,MA800628900,data/items/MA800628900/MA800628900.png,https://api-tn8previewer.testnav.com/api/tenants/285/item/MA800628900/showByIdentifier/46c0f8e445a04c109ce1cf62b5092c86
2023,17,21,Operations and Algebraic Thinking,4.OA.B.4,4.OA.B.4,Gain familiarity with factors and multiples.,Find all factor pairs for a whole number in the range 1–100. Recognize that a whole number is a multiple of each of its factors. Determine whether a given whole number in the range 1–100 is a multiple of a given one-digit number. Determine whether a given whole number in the range 1–100 is prime or composite.,SR,Solve a word problem by identifying a multiple of a given whole number.,B,Released,MA001750121,data/items/MA001750121/MA001750121.png,
2025,2,4,Operations and Algebraic Thinking,4.OA.B.4,4.OA.B.4,Gain familiarity with factors and multiples.,Find all factor pairs for a whole number in the range 1–100. Recognize that a whole number is a multiple of each of its factors. Determine whether a given whole number in the range 1–100 is a multiple of a given one-digit number. Determine whether a given whole number in the range 1–100 is prime or composite.,SR,Identify whether given numbers are prime.,"B,E",Released,MA136448521,data/items/MA136448521/MA136448521.png,
2025,16,19,Operations and Algebraic Thinking,4.OA.B.4,4.OA.B.4,Gain familiarity with factors and multiples.,Find all factor pairs for a whole number in the range 1–100. Recognize that a whole number is a multiple of each of its factors. Determine whether a given whole number in the range 1–100 is a multiple of a given one-digit number. Determine whether a given whole number in the range 1–100 is prime or composite.,SR,Identify factors of a given two-digit number.,"B,C,E",Released,MA900750085,data/items/MA900750085/MA900750085.png,
2021,11,13,Operations and Algebraic Thinking,4.OA.C.5,4.OA.C.5,Generate and analyze patterns.,"Generate a number or shape pattern that follows a given rule. Identify apparent features of the pattern that were not explicit in the rule itself. For example, given the rule “Add 3” and the starting number 1, generate terms in the resulting sequence and observe that the terms appear to alternate between odd and even numbers. Explain informally why the numbers will continue to alternate in this way.",SA,Determine a specified term in a pattern given the first number and the rule of the pattern.,162,Released,MA803730594,data/items/MA803730594/MA803730594.png,https://api-tn8previewer.testnav.com/api/tenants/285/item/MA803730594/showByIdentifier/c15fa1a71dcd4670ac57a9c35dceb3dd
2022,15,21–22,Operations and Algebraic Thinking,4.OA.C.5,4.OA.C.5,Generate and analyze patterns.,"Generate a number or shape pattern that follows a given rule. Identify apparent features of the pattern that were not explicit in the rule itself. For example, given the rule “Add 3” and the starting number 1, generate terms in the resulting sequence and observe that the terms appear to alternate between odd and even numbers. Explain informally why the numbers will continue to alternate in this way.",CR,"Determine the next step in a shape pattern, identify how many shapes will be in future steps, and demonstrate understanding of the relationships between different features of the pattern.",,Released,MA311579A,data/items/MA311579A/MA311579A.png,https://api-tn8previewer.testnav.com/api/tenants/285/item/MA311579A/showByIdentifier/e1a4d4a614fd4a89ae68172f6d9aa6a2
2023,2,4,Operations and Algebraic Thinking,4.OA.C.5,4.OA.C.5,Generate and analyze patterns.,"Generate a number or shape pattern that follows a given rule. Identify apparent features of the pattern that were not explicit in the rule itself. For example, given the rule “Add 3” and the starting number 1, generate terms in the resulting sequence and observe that the terms appear to alternate between odd and even numbers. Explain informally why the numbers will continue to alternate in this way.",SR,Solve a word problem by determining additional terms in a given pattern.,C,Released,MA297614,data/items/MA297614/MA297614.png,
2025,19,21,Operations and Algebraic Thinking,4.OA.C.5,4.OA.C.5,Generate and analyze patterns.,"Generate a number or shape pattern that follows a given rule. Identify apparent features of the pattern that were not explicit in the rule itself. For example, given the rule “Add 3” and the starting number 1, generate terms in the resulting sequence and observe that the terms appear to alternate between odd and even numbers. Explain informally why the numbers will continue to alternate in this way.",SA,Determine the next term of a pattern given the first four terms of the pattern.,198,Released,MA250533,data/items/MA250533/MA250533.png,
